{
  "total_samples": 6000,
  "train_samples": 4800,
  "val_samples": 600,
  "test_samples": 600,
  "num_classes": 10,
  "classes": [
    "体育",
    "娱乐",
    "家居",
    "房产",
    "教育",
    "时尚",
    "时政",
    "游戏",
    "科技",
    "财经"
  ],
  "class_distribution": {
    "train": {
      "体育": 501,
      "家居": 498,
      "时政": 490,
      "游戏": 485,
      "娱乐": 479,
      "房产": 473,
      "科技": 473,
      "财经": 473,
      "教育": 471,
      "时尚": 457
    },
    "val": {
      "房产": 81,
      "时尚": 71,
      "科技": 65,
      "游戏": 62,
      "财经": 58,
      "教育": 57,
      "娱乐": 53,
      "体育": 51,
      "家居": 51,
      "时政": 51
    },
    "test": {
      "时尚": 72,
      "教育": 72,
      "财经": 69,
      "娱乐": 68,
      "科技": 62,
      "时政": 59,
      "游戏": 53,
      "家居": 51,
      "体育": 48,
      "房产": 46
    }
  }
}